R&D Spend,Administration,Marketing Spend,Profit,Florida,New York,Tax
-1.6035050072227408,-0.2774729247276614,-1.5717136634262312,-1.5191974817463132,False,True,-1.7182385287307507
0.0,-1.125502226914976,0.6616519703694593,1.0246607450665215,True,False,0.6622225963162688
0.12869937816365545,-0.9207839319148173,1.3446969781576956,0.1584542650292593,False,False,1.0265139850426126
-0.16696961920282719,0.03941047400536474,-1.1375222719183684,-0.5009206954775498,False,False,-1.0583339860564953
-0.9646551107798371,-0.6281563353707759,0.10772285833907388,-1.102076561976779,False,False,-0.27654410854459255
1.1343510076041583,1.7486001847426822,0.9304531269392793,0.601102471403701,True,False,1.1448306538459603
1.4720793514375916,1.1639047601801809,-0.3352889984609091,1.3379772577011586,False,False,0.2195493881269943
